{
  "name": "kadesh-frontend",
  "version": "2.0.0",
  "build": {
    "env": {
      "VITE_API_URL": "https://kadesh-backend.onrender.com"
    }
  },
  "buildCommand": "npm run build",
  "outputDirectory": "dist",
  "installCommand": "npm install",
  "devCommand": "npm run dev",
  "framework": "vite",
  "regions": ["iad1"],
  "functions": {},
  "rewrites": [
    { "source": "/(.*)", "destination": "/index.html" }
  ],
  "headers": [
    {
      "source": "/(.*)",
      "headers": [
        {
          "key": "X-Content-Type-Options",
          "value": "nosniff"
        },
        {
          "key": "X-Frame-Options",
          "value": "DENY"
        },
        {
          "key": "X-XSS-Protection",
          "value": "1; mode=block"
        }
      ]
    },
    {
      "source": "/assets/(.*)",
      "headers": [
        {
          "key": "Cache-Control",
          "value": "public, max-age=31536000, immutable"
        }
      ]
    }
  ]
}